,patient,f,type,p_omni,p_ray,si_val,circ_mean,multi_comparisons,p_random_dist
0,e597baa8-599a-4186-b34c-f44162857ad5,1092.0,multiday,0.001979227907097573,0.002562024132597902,0.14,2.9206482232955713,0.01,0.3691461032358042
1,e597baa8-599a-4186-b34c-f44162857ad5,204.0,weekly,4.1188690886777494e-17,4.041606549615403e-25,0.44,2.6256433777240686,0.01,0.029425958592086465
2,e597baa8-599a-4186-b34c-f44162857ad5,2712.0,multiday,3.2526051514836594e-06,0.0007433812049057524,0.16,4.685488554470888,0.01,0.0025421954173537637
3,e597baa8-599a-4186-b34c-f44162857ad5,23.999999999999993,circadian,6.5680377734572726e-15,9.728032645062444e-21,0.4,1.8187580679255875,0.01,0.013895398210422433
4,e597baa8-599a-4186-b34c-f44162857ad5,312.0,multiday,6.012502131604734e-06,3.061182851767611e-07,0.23,2.45498118036131,0.01,0.44696320890863267
