,patient,f,type,p_omni,p_ray,si_val,circ_mean,multi_comparisons,p_random_dist
0,id_001,1092.0,multiday,0.001979227907097573,0.0025620241325979088,0.14,2.9206482232955713,0.01,0.0003586082195115835
1,id_001,204.0,weekly,4.1188690886777494e-17,4.041606549615346e-25,0.44,2.625643377724069,0.01,0.3691461032358042
2,id_001,2712.0,multiday,3.2526051514836594e-06,0.0007433812049057524,0.16,4.685488554470888,0.01,0.1429073130408742
3,id_001,23.999999999999993,circadian,6.5680377734572726e-15,9.728032645062444e-21,0.4,1.8187580679255875,0.01,0.1429073130408742
4,id_001,312.0,multiday,6.012502131604734e-06,3.061182851767611e-07,0.23,2.45498118036131,0.01,0.3691461032358042
